{
  "status": "success",
  "training_time_seconds": 1035.52,
  "timestamp": "2026-04-20T00:05:07.991429",
  "ae_losses": {
    "domain": 2.0757433751469145,
    "ip": 0.5629447429937546,
    "url": 0.05676100073246267
  },
  "fold_accuracies": [
    0.2652284263959391,
    0.22588832487309646
  ],
  "mean_accuracy": 0.2456,
  "graph_stats": {
    "domains": 231215,
    "ips": 66023,
    "urls": 12108,
    "events": 1740,
    "labeled_events": 1576
  },
  "model_path": "/Users/jwang/MASTER_CAPSTONE/trail_gnn/models/gnn_model.pt"
}