config,n,apt_acc,apt_bacc,nat_acc,nat_bacc,n_domains,n_ips,n_urls
A,1949,0.1903540277065161,0.280098645878954,0.5371985633658286,0.5054624483378558,1486,44,419
B,1949,0.189840944073884,0.3107655225028419,0.525910723447922,0.5066721484392492,1486,44,419
C,1949,0.2011287839917906,0.2896528636526091,0.5207798871216008,0.5084300319602633,1486,44,419
D,1949,0.1893278604412519,0.27736347413246154,0.5243714725500257,0.49751137913920906,1486,44,419
