config,n,apt_acc,apt_bacc,nat_acc,nat_bacc
A,332,0.1716867469879518,0.2673551893064088,0.2740963855421687,0.3341382164848334
B,332,0.1716867469879518,0.2673551893064088,0.2801204819277108,0.3475109642325812
C,332,0.1837349397590361,0.277611599562819,0.2801204819277108,0.3534231263947434
D,332,0.16566265060240964,0.26222698417820367,0.2740963855421687,0.32526997324159024
